<?xml version="1.0" encoding="UTF-8"?>
<!DOCTYPE us-patent-application SYSTEM "us-patent-application-v46-2022-02-17.dtd" [ ]>
<us-patent-application lang="EN" dtd-version="v4.6 2022-02-17" file="US20230320426A1-20231012.XML" status="PRODUCTION" id="us-patent-application" country="US" date-produced="20230926" date-publ="20231012">
<us-bibliographic-data-application lang="EN" country="US">
<publication-reference>
<document-id>
<country>US</country>
<doc-number>20230320426</doc-number>
<kind>A1</kind>
<date>20231012</date>
</document-id>
</publication-reference>
<application-reference appl-type="utility">
<document-id>
<country>US</country>
<doc-number>18335438</doc-number>
<date>20230615</date>
</document-id>
</application-reference>
<us-application-series-code>18</us-application-series-code>
<classifications-ipcr>
<classification-ipcr>
<ipc-version-indicator><date>20060101</date></ipc-version-indicator>
<classification-level>A</classification-level>
<section>A</section>
<class>24</class>
<subclass>F</subclass>
<main-group>40</main-group>
<subgroup>48</subgroup>
<symbol-position>F</symbol-position>
<classification-value>I</classification-value>
<action-date><date>20231012</date></action-date>
<generating-office><country>US</country></generating-office>
<classification-status>B</classification-status>
<classification-data-source>H</classification-data-source>
</classification-ipcr>
</classifications-ipcr>
<classifications-cpc>
<main-cpc>
<classification-cpc>
<cpc-version-indicator><date>20200101</date></cpc-version-indicator>
<section>A</section>
<class>24</class>
<subclass>F</subclass>
<main-group>40</main-group>
<subgroup>48</subgroup>
<symbol-position>F</symbol-position>
<classification-value>I</classification-value>
<action-date><date>20231012</date></action-date>
<generating-office><country>US</country></generating-office>
<classification-status>B</classification-status>
<classification-data-source>H</classification-data-source>
<scheme-origination-code>C</scheme-origination-code>
</classification-cpc>
</main-cpc>
<further-cpc>
<classification-cpc>
<cpc-version-indicator><date>20200101</date></cpc-version-indicator>
<section>A</section>
<class>24</class>
<subclass>F</subclass>
<main-group>40</main-group>
<subgroup>10</subgroup>
<symbol-position>L</symbol-position>
<classification-value>A</classification-value>
<action-date><date>20231012</date></action-date>
<generating-office><country>US</country></generating-office>
<classification-status>B</classification-status>
<classification-data-source>H</classification-data-source>
<scheme-origination-code>C</scheme-origination-code>
</classification-cpc>
</further-cpc>
</classifications-cpc>
<invention-title id="d2e43">ELECTRONIC VAPORIZATION DEVICE AND VAPORIZER THEREOF</invention-title>
<us-related-documents>
<continuation>
<relation>
<parent-doc>
<document-id>
<country>US</country>
<doc-number>PCT/CN2020/138967</doc-number>
<date>20201224</date>
</document-id>
<parent-status>PENDING</parent-status>
</parent-doc>
<child-doc>
<document-id>
<country>US</country>
<doc-number>18335438</doc-number>
</document-id>
</child-doc>
</relation>
</continuation>
</us-related-documents>
<us-parties>
<us-applicants>
<us-applicant sequence="00" app-type="applicant" designation="us-only" applicant-authority-category="assignee">
<addressbook>
<orgname>SHENZHEN SMOORE TECHNOLOGY LIMITED</orgname>
<address>
<city>Shenzhen</city>
<country>CN</country>
</address>
</addressbook>
<residence>
<country>CN</country>
</residence>
</us-applicant>
</us-applicants>
<inventors>
<inventor sequence="00" designation="us-only">
<addressbook>
<last-name>LEI</last-name>
<first-name>Guilin</first-name>
<address>
<city>Shenzhen</city>
<country>CN</country>
</address>
</addressbook>
</inventor>
<inventor sequence="01" designation="us-only">
<addressbook>
<last-name>XU</last-name>
<first-name>Dan</first-name>
<address>
<city>Shenzhen</city>
<country>CN</country>
</address>
</addressbook>
</inventor>
</inventors>
</us-parties>
</us-bibliographic-data-application>
<abstract id="abstract">
<p id="p-0001" num="0000">A vaporizer includes: a housing; and a vaporization assembly arranged in the housing; a vaporization cavity for accommodating the vaporization assembly being arranged in the housing, and an airflow channel arranged in the housing at one side of the vaporization cavity and in communication with the vaporization cavity; an air inlet in communication with the vaporization cavity; and an airflow guide structure arranged in the vaporization cavity for guiding an airflow at the air inlet. The airflow guide structure is arranged close to the airflow channel.</p>
</abstract>
<drawings id="DRAWINGS">
<figure id="Fig-EMI-D00000" num="00000">
<img id="EMI-D00000" he="205.82mm" wi="108.80mm" file="US20230320426A1-20231012-D00000.TIF" alt="embedded image" img-content="drawing" img-format="tif"/>
</figure>
<figure id="Fig-EMI-D00001" num="00001">
<img id="EMI-D00001" he="220.98mm" wi="58.42mm" file="US20230320426A1-20231012-D00001.TIF" alt="embedded image" img-content="drawing" img-format="tif"/>
</figure>
<figure id="Fig-EMI-D00002" num="00002">
<img id="EMI-D00002" he="194.82mm" wi="88.05mm" file="US20230320426A1-20231012-D00002.TIF" alt="embedded image" img-content="drawing" img-format="tif"/>
</figure>
<figure id="Fig-EMI-D00003" num="00003">
<img id="EMI-D00003" he="221.40mm" wi="110.83mm" file="US20230320426A1-20231012-D00003.TIF" alt="embedded image" img-content="drawing" img-format="tif"/>
</figure>
<figure id="Fig-EMI-D00004" num="00004">
<img id="EMI-D00004" he="143.26mm" wi="127.17mm" file="US20230320426A1-20231012-D00004.TIF" alt="embedded image" img-content="drawing" img-format="tif"/>
</figure>
<figure id="Fig-EMI-D00005" num="00005">
<img id="EMI-D00005" he="156.80mm" wi="142.16mm" file="US20230320426A1-20231012-D00005.TIF" alt="embedded image" img-content="drawing" img-format="tif"/>
</figure>
<figure id="Fig-EMI-D00006" num="00006">
<img id="EMI-D00006" he="152.74mm" wi="129.03mm" file="US20230320426A1-20231012-D00006.TIF" alt="embedded image" img-content="drawing" img-format="tif"/>
</figure>
</drawings>
<description id="description">
<?cross-reference-to-related-applications description="Cross Reference To Related Applications" end="lead"?>
<heading id="h-0001" level="1">CROSS-REFERENCE TO PRIOR APPLICATION</heading>
<p id="p-0002" num="0001">This application is a continuation of International Patent Application No. PCT/CN2020/138967, filed on Dec. 24, 2020. The entire disclosure is hereby incorporated by reference herein.</p>
<?cross-reference-to-related-applications description="Cross Reference To Related Applications" end="tail"?>
<?summary-of-invention description="Summary of Invention" end="lead"?>
<heading id="h-0002" level="1">FIELD</heading>
<p id="p-0003" num="0002">The present invention relates to a vaporization device, and more specifically, to an electronic vaporization device and a vaporizer thereof.</p>
<heading id="h-0003" level="1">BACKGROUND</heading>
<p id="p-0004" num="0003">In the interior of electronic vaporization devices with a side airway in the related art, accumulation of a large amount of high-temperature vapor is easily formed at a closed end.</p>
<p id="p-0005" num="0004">In the interior of electronic vaporization device with a side airway in the related art, a large amount of high-temperature vapor accumulation is easily formed at a closed end, which leads to two problems: One is that the vapor condenses to form condensate, and the other is that a high-temperature region is formed at the closed end, forming plastic melting, which increases a risk of miscellaneous gas and scorched smell of the vapor.</p>
<heading id="h-0004" level="1">SUMMARY</heading>
<p id="p-0006" num="0005">In an embodiment, the present invention provides a vaporizer, comprising: a housing; and a vaporization assembly arranged in the housing, a vaporization cavity configured to accommodate the vaporization assembly being arranged in the housing, and an airflow channel being arranged in the housing at one side of the vaporization cavity and in communication with the vaporization cavity; an air inlet in communication with the vaporization cavity; and an airflow guide structure arranged in the vaporization cavity and configured to guide an airflow at the air inlet, wherein the airflow guide structure is arranged close to the airflow channel.</p>
<?summary-of-invention description="Summary of Invention" end="tail"?>
<?brief-description-of-drawings description="Brief Description of Drawings" end="lead"?>
<description-of-drawings>
<heading id="h-0005" level="1">BRIEF DESCRIPTION OF THE DRAWINGS</heading>
<p id="p-0007" num="0006">Subject matter of the present disclosure will be described in even greater detail below based on the exemplary figures. All features described and/or illustrated herein can be used alone or combined in different combinations. The features and advantages of various embodiments will become apparent by reading the following detailed description with reference to the attached drawings, which illustrate the following:</p>
<p id="p-0008" num="0007"><figref idref="DRAWINGS">FIG. <b>1</b></figref> is a schematic structural diagram of an electronic vaporization device according to some embodiments of the present invention;</p>
<p id="p-0009" num="0008"><figref idref="DRAWINGS">FIG. <b>2</b></figref> is a schematic structural diagram of a vaporizer of the electronic vaporization device shown in <figref idref="DRAWINGS">FIG. <b>1</b></figref>;</p>
<p id="p-0010" num="0009"><figref idref="DRAWINGS">FIG. <b>3</b></figref> is a cross-sectional view of the vaporizer shown in <figref idref="DRAWINGS">FIG. <b>2</b></figref>;</p>
<p id="p-0011" num="0010"><figref idref="DRAWINGS">FIG. <b>4</b></figref> is a comparison diagram of vapor velocity field between the electronic vaporization device of the present invention and an existing electronic vaporization device;</p>
<p id="p-0012" num="0011"><figref idref="DRAWINGS">FIG. <b>5</b></figref> is a comparison diagram of vapor lead-out temperature between the electronic vaporization device of the present invention and an existing electronic vaporization device; and</p>
<p id="p-0013" num="0012"><figref idref="DRAWINGS">FIG. <b>6</b></figref> is a comparison diagram of e-liquid concentration field in a vaporization cavity of an electronic vaporization device of the present invention and an existing electronic vaporization device.</p>
</description-of-drawings>
<?brief-description-of-drawings description="Brief Description of Drawings" end="tail"?>
<?detailed-description description="Detailed Description" end="lead"?>
<heading id="h-0006" level="1">DETAILED DESCRIPTION</heading>
<p id="p-0014" num="0013">In an embodiment, the present invention provides an improved vaporizer and further provide an improved electronic vaporization device.</p>
<p id="p-0015" num="0014">In an embodiment, the present invention provides a vaporizer, including a housing and a vaporization assembly arranged in the housing, where a vaporization cavity for accommodating the vaporization assembly is arranged in the housing, an airflow channel is further arranged in the housing, and the airflow channel is arranged at one side of the vaporization cavity and in communication with the vaporization cavity; and</p>
<p id="p-0016" num="0015">the vaporizer further includes an air inlet in communication with the vaporization cavity, and an airflow guide structure arranged in the vaporization cavity to guide an airflow at the air inlet, where the airflow guide structure is arranged close to the airflow channel.</p>
<p id="p-0017" num="0016">Preferably, the airflow guide structure includes an airflow guide surface arranged opposite to the air inlet; and</p>
<p id="p-0018" num="0017">a set angle is formed between the airflow guide surface and an air inlet end surface of the air inlet.</p>
<p id="p-0019" num="0018">Preferably, the set angle is an acute angle.</p>
<p id="p-0020" num="0019">Preferably, the vaporization cavity further includes a closed region arranged opposite to the airflow channel;</p>
<p id="p-0021" num="0020">the airflow guide surface is arranged towards the closed region to guide a part of the airflow to the closed region of the vaporization cavity, and squeeze, accelerate, and guide the airflow outputted to the airflow channel from the vaporization cavity.</p>
<p id="p-0022" num="0021">Preferably, the air inlet includes a central axis; and</p>
<p id="p-0023" num="0022">the airflow guide structure is arranged at one side of the central axis.</p>
<p id="p-0024" num="0023">Preferably, the size of the airflow guide structure is smaller than that of the vaporization cavity.</p>
<p id="p-0025" num="0024">Preferably, the airflow guide structure is arranged between the vaporization assembly and the air inlet, and a spacing is reserved between the airflow guide structure and the vaporization assembly; and</p>
<p id="p-0026" num="0025">the spacing forms a communication channel that communicates the vaporization cavity with the airflow channel.</p>
<p id="p-0027" num="0026">Preferably, the vaporization assembly includes a vaporization surface arranged opposite to the vaporization cavity;</p>
<p id="p-0028" num="0027">the airflow guide structure further includes an overflow surface arranged opposite to the vaporization surface; and</p>
<p id="p-0029" num="0028">the communication channel is arranged between the overflow surface and the vaporization surface.</p>
<p id="p-0030" num="0029">Preferably, the distance between the overflow surface and the vaporization surface is greater than zero and not greater than &#x2154; of the height of the vaporization cavity.</p>
<p id="p-0031" num="0030">Preferably, the cross section of the housing includes a length direction and a width direction; and</p>
<p id="p-0032" num="0031">two opposite sides of the airflow guide structure respectively extend to the side wall of the housing along the width direction of the housing.</p>
<p id="p-0033" num="0032">Preferably, the airflow guide structure and the housing are integrally formed.</p>
<p id="p-0034" num="0033">Preferably, the airflow guide structure is in the shape of a triangle, a wedge, or a trapezoid.</p>
<p id="p-0035" num="0034">Preferably, the vaporizer further includes two electrode columns conductively connected to the vaporization assembly;</p>
<p id="p-0036" num="0035">the two electrode columns are spaced apart; and</p>
<p id="p-0037" num="0036">the airflow guide structure is arranged between the two electrode columns.</p>
<p id="p-0038" num="0037">Preferably, the vaporizer further comprises a base;</p>
<p id="p-0039" num="0038">the housing is sleeved on the base; and</p>
<p id="p-0040" num="0039">the air inlet is arranged on the base.</p>
<p id="p-0041" num="0040">The present invention further constructs an electronic vaporization device, including the vaporizer in the present invention and a power supply assembly connected to the vaporizer.</p>
<p id="p-0042" num="0041">Beneficial Effects:</p>
<p id="p-0043" num="0042">The electronic vaporization device and the vaporizer thereof of the present invention are implemented to achieve the following beneficial effects: By arranging the airflow guide structure, the vaporizer can guide the airflow from the air inlet to guide a part of the airflow to a closed end of a vaporization cavity, which can avoid accumulation of a large amount of high-temperature vapor at the closed end of the vaporization cavity, and avoid generation of condensate and a risk of miscellaneous gas and scorched smell of the vapor increased by plastic melting.</p>
<p id="p-0044" num="0043">To provide a clearer understanding of the technical features, objectives, and effects of the present invention, specific implementations of the present invention are described in detail with reference to the accompanying drawings.</p>
<p id="p-0045" num="0044">It should be understood that terms such as &#x201c;upper&#x201d; and &#x201c;lower&#x201d; are only for the convenience of describing the technical solutions of the present invention instead of indicating that the devices or elements need to have special differences, and therefore cannot be understood as a limitation on the present invention. It should be noted that when a member is considered to be &#x201c;connected&#x201d; to another member, the member may be directly connected to the another member or there may be an intermediate member between the two members. Unless otherwise defined, meanings of all technical and scientific terms used herein are the same as meanings generally understood by a person skilled in the technical field to which the present invention belongs. In this specification, terms used in this specification of the present invention are merely intended to describe objectives of the specific embodiments, but are not intended to limit the present invention.</p>
<p id="p-0046" num="0045"><figref idref="DRAWINGS">FIG. <b>1</b></figref> shows some preferred embodiments of an electronic vaporization device of the present invention. The electronic vaporization device <b>100</b> may be configured to vaporize a liquid medium such as cigarette liquid or medicine. In some embodiments, the electronic vaporization device <b>100</b> may include a vaporizer A and a power supply assembly B mechanically and electrically connected to the vaporizer A. The vaporizer A is configured to heat and vaporize the liquid medium, and the power supply assembly B is configured to supply power to the vaporizer. Preferably, the vaporizer A and the power supply assembly B are detachably connected.</p>
<p id="p-0047" num="0046">As shown in <figref idref="DRAWINGS">FIG. <b>2</b></figref> and <figref idref="DRAWINGS">FIG. <b>3</b></figref>, in some embodiments, the vaporizer A includes a housing <b>10</b>, a vaporization assembly <b>20</b>, an airflow guide structure <b>40</b>, and a base <b>30</b>. The housing <b>10</b> is sleeved on the base <b>30</b> and may be configured to accommodate the vaporization assembly <b>20</b> and the airflow guide structure <b>40</b>. The vaporization assembly <b>20</b> is arranged in the housing <b>10</b> and is configured to heat and vaporize the liquid medium. The airflow guide structure <b>40</b> is arranged in the housing <b>10</b> and may be configured to guide an airflow in the housing <b>10</b>.</p>
<p id="p-0048" num="0047">Further, in some embodiments, the housing <b>10</b> is in the shape of a cylinder, and the housing <b>10</b> is sleeved on the periphery of the vaporization assembly <b>20</b>. The cross section of the housing <b>10</b> may be substantially rectangular, and the cross section of the housing <b>10</b> may include a length direction and a width direction. Certainly, it may be understood that, in some other embodiments, the cross section of the housing <b>10</b> may not be limited to a rectangle, and in some other embodiments, the cross section of the housing <b>10</b> may be elliptical, the length direction may be a long axis direction, and the width direction may be a short axis direction. A liquid storage cavity <b>13</b> may be formed inside the housing <b>10</b>, the liquid storage cavity <b>13</b> is located at the upper part of the housing <b>10</b>, and the liquid storage cavity <b>13</b> may be configured to accommodate the liquid medium. Specifically, in some embodiments, a vaporization cavity <b>12</b> is further arranged in the housing <b>10</b>, and the vaporization assembly <b>20</b> may be accommodated in the vaporization cavity <b>12</b>. The vaporization cavity <b>12</b> may be located at the lower part of the housing <b>10</b>. In some embodiments, an airflow channel <b>11</b> is further arranged in the housing <b>10</b>, and the airflow channel <b>11</b> is arranged at one side of the housing <b>10</b>. Specifically, the airflow channel <b>11</b> may be located at one side of the vaporization cavity <b>12</b> and in communication with the vaporization cavity <b>12</b> to output vapor after vaporization. In some embodiments, the airflow channel <b>11</b> may extend along a longitudinal direction of the housing <b>10</b>. In some embodiments, an air outlet <b>15</b> is provided on the housing <b>10</b>. Specifically, the air outlet <b>15</b> may be provided at the top of the housing <b>10</b>, and one end of the airflow channel <b>11</b> may be in communication with the air outlet <b>15</b> to convey vapor to the air outlet <b>15</b>. In some embodiments, the vaporization cavity <b>12</b> further includes a closed region <b>121</b>, and the closed region <b>121</b> is a region arranged opposite to the airflow channel <b>11</b>.</p>
<p id="p-0049" num="0048">Further, in some embodiments, the vaporization assembly <b>20</b> is arranged in the vaporization cavity <b>12</b>, and the vaporization assembly <b>20</b> is in liquid guide connection to the liquid storage cavity <b>13</b> in the housing <b>10</b>. In some embodiments, specifically, the housing <b>10</b> may further include an upper base body, the vaporization assembly <b>20</b> may be accommodated in the upper base body, the upper base body is provided with a liquid flowing hole in communication with the liquid storage cavity <b>13</b>, and the liquid flowing hole is arranged opposite to the vaporization assembly <b>20</b> to convey liquid from the liquid storage cavity <b>13</b> to the vaporization assembly <b>20</b>. In some embodiments, the vaporization assembly <b>20</b> includes a porous body and a heating body arranged on the porous body. The porous body may be a ceramic porous body. The heating body may be arranged on the porous body. In some embodiments, the heating body may be a heating sheet, and the heating sheet may be arranged on an end surface of the porous body opposite to the base <b>30</b>. Specifically, the heating body may be pasted, printed or partially embedded on the end surface of the porous body opposite to the base <b>30</b>. In some embodiments, the vaporization assembly <b>20</b> may include a vaporization surface <b>21</b>. Specifically, the vaporization surface <b>21</b> may be arranged on the porous body, and the vaporization surface <b>21</b> may be an end surface of the porous body on which the heating body is arranged.</p>
<p id="p-0050" num="0049">Further, in some embodiments, the base <b>30</b> may be located at an open end of the housing <b>10</b> to block the housing <b>10</b>. In some embodiments, the base <b>30</b> and the housing <b>10</b> may be integrally formed. Certainly, it may be understood that, in some other embodiments, the base <b>30</b> and the housing <b>10</b> may not be limited to be integrally formed. In some embodiments, the vaporizer may further include an air inlet <b>31</b>. Specifically, the air inlet <b>31</b> may be arranged on the base <b>30</b> and located at the middle part of the base <b>30</b>. Specifically, the air inlet <b>31</b> may be arranged throughout the base <b>30</b> along a thickness direction of the base <b>30</b>. The air inlet <b>31</b> may be in communication with the vaporization cavity <b>12</b>, and may be used for an external airflow to enter the vaporization cavity <b>12</b>, to further bring out the vapor in the vaporization cavity <b>12</b>.</p>
<p id="p-0051" num="0050">Further, in some embodiments, the airflow guide structure <b>40</b> may be arranged in the vaporization cavity <b>12</b> and in an air inlet direction of the air inlet <b>31</b>, and arranged close to the airflow channel <b>11</b>. In some embodiments, the airflow guide structure <b>12</b> may be located at one side of the central axis of the air inlet <b>31</b> and a protruding portion of the airflow guide structure is arranged not beyond the central axis to avoid blocking the central airflow. The airflow guide structure <b>12</b> may be configured to guide the airflow from the air inlet <b>31</b> to guide a part of the airflow to a closed end of the vaporization cavity <b>12</b>, which can avoid accumulation of a large amount of high-temperature vapor at the closed end of the vaporization cavity <b>12</b>, and avoid generation of condensate and a risk of miscellaneous gas and scorched smell of the vapor increased by plastic melting.</p>
<p id="p-0052" num="0051">Further, in some embodiments, the airflow guide structure <b>40</b> may be in the shape of a triangle. Certainly, it may be understood that, in some other embodiments, the airflow guide structure <b>40</b> may not be limited to be in the shape of a triangle. In some other embodiments, the airflow guide structure <b>40</b> may be in a shape of a wedge or a trapezoid. In some embodiments, the size of the airflow guide structure <b>40</b> may be smaller than that of the vaporization cavity <b>12</b>, thereby facilitating the flow of the vapor into the airflow channel <b>11</b>. In some embodiments, the airflow guide structure <b>40</b> may be arranged between the vaporization assembly <b>20</b> and the air inlet <b>31</b>, a spacing may be reserved between the airflow guide structure <b>40</b> and the vaporization assembly <b>20</b>, the spacing may form a communication channel <b>14</b>, and the communication channel <b>14</b> is configured to communicate the vaporization cavity <b>12</b> with the airflow channel <b>11</b>.</p>
<p id="p-0053" num="0052">Further, in some embodiments, the airflow guide structure <b>40</b> may include an airflow guide surface <b>41</b>, and the airflow guide surface <b>41</b> is an inclined surface. The airflow guide surface <b>41</b> may be arranged opposite to the air inlet <b>31</b> and may be arranged towards the closed region <b>121</b>. The airflow guide surface <b>41</b> may be configured to guide a part of the airflow to the closed region <b>121</b> of the vaporization cavity <b>12</b>, and to squeeze, accelerate, and guide the airflow outputted to the airflow channel <b>11</b> from the vaporization cavity <b>12</b>. Further, in some embodiments, a set angle &#x3b1; may be formed between the airflow guide surface and an air inlet end surface of the air inlet <b>31</b>. In some embodiments, the set angle may be an acute angle. Specifically, in some embodiments, the set angle may be selected as an angle of 30 to 60 degrees.</p>
<p id="p-0054" num="0053">Further, in some embodiments, the airflow guide structure <b>40</b> may further include an overflow surface <b>42</b>, and the overflow surface <b>42</b> may be arranged opposite to the vaporization surface <b>21</b>. In some embodiments, the overflow surface <b>42</b> may be a flat surface, an angle may be formed between the overflow surface <b>42</b> and the airflow guide surface <b>41</b>, and the angle may be equal to the set angle &#x3b1;. Certainly, it may be understood that, in some other embodiments, the overflow surface <b>42</b> may not be limited to a flat surface. A spacing between the overflow surface <b>42</b> and the vaporization surface <b>21</b> may form the communication channel <b>14</b>. In some embodiments, the distance between the overflow surface <b>42</b> and the vaporization surface <b>21</b> may be greater than zero and not greater than &#x2154; of the height of the vaporization cavity <b>12</b>. Specifically, in some embodiments, the distance between the overflow surface <b>42</b> and the vaporization surface may be &#x2153; to &#x2154; of the height of the vaporization cavity.</p>
<p id="p-0055" num="0054">Further, in some embodiments, two opposite sides of the airflow guide structure <b>40</b> may respectively extend to the side wall of the housing <b>10</b> along the width direction of the housing <b>10</b>, and may be connected to the side wall <b>10</b>. In some embodiments, the airflow guide structure <b>40</b> and the housing <b>10</b> may be integrally formed. Specifically, in some embodiments, the airflow guide structure <b>40</b> and the housing <b>10</b> may be integrally formed through injection.</p>
<p id="p-0056" num="0055">The airflow inside the vaporization cavity <b>12</b> of the electronic vaporization device of the present invention is better, the overall performance is improved, and the e-liquid lead-out effect is better.</p>
<p id="p-0057" num="0056">As shown in <figref idref="DRAWINGS">FIG. <b>4</b></figref>, by comparing the velocity field of the vapor of the electronic vaporization device of the present invention with that of the vapor of the existing electronic vaporization device, the velocity field inside the vaporization cavity <b>12</b> changes after the airflow guide structure <b>40</b> is added, and a part of the airflow from the air inlet <b>31</b> can be drained to the closed end <b>121</b> of the vaporization cavity <b>12</b> through turning of the airflow guide structure <b>40</b>.</p>
<p id="p-0058" num="0057">As shown in <figref idref="DRAWINGS">FIG. <b>5</b></figref>, by comparing the lead-out temperature of the vapor of the electronic vaporization device of the present invention with that of the vapor of the existing electronic vaporization device, firstly, the temperature of the vapor sent from the air outlet <b>15</b> of the electronic vaporization device of the present invention is 69&#xb0; C., the outlet temperature of the vapor is increased by 4&#xb0; C. compared with the existing electronic vaporization device; secondly, the airflow temperature of the closed end <b>121</b> of the vaporization cavity <b>12</b> of the electronic vaporization device of the present invention is about 20&#xb0; C. lower than that of the closed end <b>121</b> of the existing electronic vaporization device, the high-temperature region of the closed end <b>121</b> is also reduced; and moreover, after the airflow guide structure <b>40</b> is added, the heat transfer intensity between the airflow and the vaporization surface <b>21</b> increases, and the temperature distribution in the turning section is greatly improved compared with the existing electronic vaporization device.</p>
<p id="p-0059" num="0058">As shown in <figref idref="DRAWINGS">FIG. <b>6</b></figref>, by comparing the e-liquid concentration field in the vaporization cavity of the electronic vaporization device of the present invention with that of the vaporization cavity of the existing electronic vaporization device, the e-liquid accumulation inside the vaporization cavity <b>12</b> of the electronic vaporization device of the present invention is reduced, this is because after the airflow guide structure <b>40</b> is added, the airflow inside the vaporization cavity <b>12</b> changes from being disordered to being regular, and generation of eddy current inside the vaporization cavity <b>12</b> is reduced. In the vaporization cavity <b>12</b> of the electronic vaporization device of the present invention, the amount of carried e-liquid of the turning section is significantly increased, and the shape of &#x201c;downward warping&#x201d; is presented, so that the contact with the wall surface of the turning section is reduced.</p>
<p id="p-0060" num="0059">While the invention has been illustrated and described in detail in the drawings and foregoing description, such illustration and description are to be considered illustrative or exemplary and not restrictive. It will be understood that changes and modifications may be made by those of ordinary skill within the scope of the following claims. In particular, the present invention covers further embodiments with any combination of features from different embodiments described above and below. Additionally, statements made herein characterizing the invention refer to an embodiment of the invention and not necessarily all embodiments.</p>
<p id="p-0061" num="0060">The terms used in the claims should be construed to have the broadest reasonable interpretation consistent with the foregoing description. For example, the use of the article &#x201c;a&#x201d; or &#x201c;the&#x201d; in introducing an element should not be interpreted as being exclusive of a plurality of elements. Likewise, the recitation of &#x201c;or&#x201d; should be interpreted as being inclusive, such that the recitation of &#x201c;A or B&#x201d; is not exclusive of &#x201c;A and B,&#x201d; unless it is clear from the context or the foregoing description that only one of A and B is intended. Further, the recitation of &#x201c;at least one of A, B and C&#x201d; should be interpreted as one or more of a group of elements consisting of A, B and C, and should not be interpreted as requiring at least one of each of the listed elements A, B and C, regardless of whether A, B and C are related as categories or otherwise. Moreover, the recitation of &#x201c;A, B and/or C&#x201d; or &#x201c;at least one of A, B or C&#x201d; should be interpreted as including any singular entity from the listed elements, e.g., A, any subset from the listed elements, e.g., A and B, or the entire list of elements A, B and C.</p>
<?detailed-description description="Detailed Description" end="tail"?>
</description>
<us-claim-statement>What is claimed is:</us-claim-statement>
<claims id="claims">
<claim id="CLM-00001" num="00001">
<claim-text><b>1</b>. A vaporizer, comprising:
<claim-text>a housing; and</claim-text>
<claim-text>a vaporization assembly arranged in the housing, a vaporization cavity configured to accommodate the vaporization assembly being arranged in the housing, and an airflow channel being arranged in the housing at one side of the vaporization cavity and in communication with the vaporization cavity;</claim-text>
<claim-text>an air inlet in communication with the vaporization cavity; and</claim-text>
<claim-text>an airflow guide structure arranged in the vaporization cavity and configured to guide an airflow at the air inlet,</claim-text>
<claim-text>wherein the airflow guide structure is arranged close to the airflow channel.</claim-text>
</claim-text>
</claim>
<claim id="CLM-00002" num="00002">
<claim-text><b>2</b>. The vaporizer of <claim-ref idref="CLM-00001">claim 1</claim-ref>, wherein the airflow guide structure comprises an airflow guide surface arranged opposite the air inlet, and
<claim-text>wherein a set angle is formed between the airflow guide surface and an air inlet end surface of the air inlet.</claim-text>
</claim-text>
</claim>
<claim id="CLM-00003" num="00003">
<claim-text><b>3</b>. The vaporizer of <claim-ref idref="CLM-00002">claim 2</claim-ref>, wherein the set angle is an acute angle.</claim-text>
</claim>
<claim id="CLM-00004" num="00004">
<claim-text><b>4</b>. The vaporizer of <claim-ref idref="CLM-00002">claim 2</claim-ref>, wherein the vaporization cavity further comprises a closed region arranged opposite the airflow channel, and
<claim-text>wherein the airflow guide surface is arranged towards the closed region so as to guide a part of the airflow to the closed region of the vaporization cavity, and squeeze, accelerate, and guide the airflow outputted to the airflow channel from the vaporization cavity.</claim-text>
</claim-text>
</claim>
<claim id="CLM-00005" num="00005">
<claim-text><b>5</b>. The vaporizer of <claim-ref idref="CLM-00001">claim 1</claim-ref>, wherein the air inlet comprises a central axis, and
<claim-text>wherein the airflow guide structure is arranged at one side of the central axis.</claim-text>
</claim-text>
</claim>
<claim id="CLM-00006" num="00006">
<claim-text><b>6</b>. The vaporizer of <claim-ref idref="CLM-00001">claim 1</claim-ref>, wherein a size of the airflow guide structure is smaller than a size of the vaporization cavity.</claim-text>
</claim>
<claim id="CLM-00007" num="00007">
<claim-text><b>7</b>. The vaporizer of <claim-ref idref="CLM-00001">claim 1</claim-ref>, wherein the airflow guide structure is arranged between the vaporization assembly and the air inlet, and a spacing is reserved between the airflow guide structure and the vaporization assembly, and
<claim-text>wherein the spacing forms a communication channel that communicates the vaporization cavity with the airflow channel.</claim-text>
</claim-text>
</claim>
<claim id="CLM-00008" num="00008">
<claim-text><b>8</b>. The vaporizer of <claim-ref idref="CLM-00007">claim 7</claim-ref>, wherein the vaporization assembly comprises a vaporization surface arranged opposite the vaporization cavity,
<claim-text>wherein the airflow guide structure comprises an overflow surface arranged opposite the vaporization surface, and</claim-text>
<claim-text>wherein the communication channel is arranged between the overflow surface and the vaporization surface.</claim-text>
</claim-text>
</claim>
<claim id="CLM-00009" num="00009">
<claim-text><b>9</b>. The vaporizer of <claim-ref idref="CLM-00008">claim 8</claim-ref>, wherein a distance between the overflow surface and the vaporization surface is greater than zero and not greater than &#x2154; of a height of the vaporization cavity.</claim-text>
</claim>
<claim id="CLM-00010" num="00010">
<claim-text><b>10</b>. The vaporizer of <claim-ref idref="CLM-00001">claim 1</claim-ref>, wherein a cross section of the housing comprises a length direction and a width direction, and
<claim-text>wherein two opposite sides of the airflow guide structure respectively extend to a side wall of the housing along the width direction of the housing.</claim-text>
</claim-text>
</claim>
<claim id="CLM-00011" num="00011">
<claim-text><b>11</b>. The vaporizer of <claim-ref idref="CLM-00001">claim 1</claim-ref>, wherein the airflow guide structure and the housing are integrally formed.</claim-text>
</claim>
<claim id="CLM-00012" num="00012">
<claim-text><b>12</b>. The vaporizer of <claim-ref idref="CLM-00001">claim 1</claim-ref>, wherein the airflow guide structure is in a shape of a triangle, a wedge, or a trapezoid.</claim-text>
</claim>
<claim id="CLM-00013" num="00013">
<claim-text><b>13</b>. The vaporizer of <claim-ref idref="CLM-00001">claim 1</claim-ref>, further comprising:
<claim-text>two electrode columns conductively connected to the vaporization assembly,</claim-text>
<claim-text>wherein the two electrode columns are spaced apart, and</claim-text>
<claim-text>wherein the airflow guide structure is arranged between the two electrode columns.</claim-text>
</claim-text>
</claim>
<claim id="CLM-00014" num="00014">
<claim-text><b>14</b>. The vaporizer of <claim-ref idref="CLM-00001">claim 1</claim-ref>, further comprising:
<claim-text>a base,</claim-text>
<claim-text>wherein the housing is sleeved on the base, and</claim-text>
<claim-text>wherein the air inlet is arranged on the base.</claim-text>
</claim-text>
</claim>
<claim id="CLM-00015" num="00015">
<claim-text><b>15</b>. An electronic vaporization device, comprising:
<claim-text>the vaporizer of <claim-ref idref="CLM-00001">claim 1</claim-ref>; and</claim-text>
<claim-text>a power supply assembly connected to the vaporizer.</claim-text>
</claim-text>
</claim>
</claims>
</us-patent-application>
